word,pronunciation,translation
ability,əˈbɪlɪtɪ,n. 能力; 才能
able,ˈeɪbl,adj. 能够; 有能力的; 称职的
about,əˈbaʊt,adv. 大约; 到处; 附近;
above,əˈbʌv,prep. 在…上面
abroad,əˈbrɔːd,adv. 到国外; 在国外
absent,ˈæbsənt,adj. 缺席的; 不在的
accept,əkˈsept,vt. 接受
accident,ˈæksɪdənt,n. 事故; 意外的事
account,əˈkaʊnt,v. 账户; 账目; 解释
ache,eɪk,vi. / n. 痛; 疼痛
achieve,əˈtʃiːv,vt. 达到; 取得; 实现
across,əˈkrɒs,prep. 横过; 穿过
act,ækt,v. 扮演; 行动; 充当; 有作用
action,ˈækʃ n,n. 行动
active,ˈæktɪv,adj. 积极的; 主动的
activity,ækˈtɪvɪtɪ,n. 活动
actor,ˈæktə,n. 男演员
actress,ˈæktrəs,n. 女演员
actually,ˈæktʃuəli,adv. 实际上; 事实上; 的确
ad (=advertisement),ədˈvɜːtɪsmənt,n. 广告
add,æd,vt. 增添; 增加
address,əˈdres,n. 地址; 演说; 演讲
admire,ədˈmaɪə,v. 仰慕; 欣赏; 赞赏
adult,ˈædʌlt,n. 成年人; 成年动物
advantage,ədˈvɑːntɪdʒ,n. 优点; 好处
advice,ədˈvaɪs,n. 忠告; 劝告; 建议
advise,ədˈvaɪz,vt. 忠告; 劝告; 建议
afford,əˈfɔːd,vt. 有钱/时间做; 买得起
afraid,əˈfreɪd,adj. 害怕的; 担心的
after,ˈɑːftə,adv./prep./conj. 在…之后
afternoon,ˌɑːftəˈnuːn,n. 下午
again,əˈɡeɪn,adv. 再一次; 再; 又
against,əˈɡeɪnst,prep. 对着; 反对
age,eɪdʒ,n. 年龄; 时代
ago,əˈɡəʊ,adv. 以前
agree,əˈɡriː,v. 同意
ahead,əˈhed,adv. 向前; 在前方
aid,eɪd,n./v. 辅助; 帮助; 援助
aim,eɪm,n./v. 目标; 瞄准
air,eə,n. 空气; 大气
airport,ˈeəpɔːt,n. 航空站; 飞机场
alarm,əˈlɑːm,n. 警报
alive,əˈlaɪv,adj. 活着的; 存在的
all,ɔːl,adv./adj./pron. 全部地; 所有的;
allow,əˈlaʊ,vt. 允许; 准许
almost,ˈɔːlməʊst,adv. 几乎; 差不多
alone,əˈləʊn,adj./adv. 单独; 独自; 只有;
along,əˈlɒŋ,prep. 沿着; 顺着
aloud,əˈlaʊd,adv. 大声地; 出声地
already,ɔːlˈredɪ,adv. 已经
also,ˈɔːlsəʊ,adv. 也
although,ɔːlˈðəʊ,conj.虽然; 尽管
always,ˈɔːlweɪz,adv. 总是; 一直; 永远
amazing,əˈmeɪzɪŋ,adj. 令人惊奇的/惊喜的
among,əˈmʌŋ,prep. 在…中间/之间
ancient,ˈeɪnʃənt,adj. 古代的; 古老的
and,"ənd, ænd",conj. 和; 又; 而
angry,ˈænɡrɪ,adj. 生气的; 愤怒的
animal,ˈænɪml,n. 动物
another,əˈnʌðə,adj./ pron. 再一; 另一;
answer,ˈɑːnsə,v. 回答; 答复
ant,ænt,n. 蚂蚁
any,ˈenɪ,pron./adj. (无论)哪一个; 那些;
anybody,ˈenibɒdi,pron. 任何人; 无论谁
anyone,ˈenɪwʌn,pron. 任何人; 无论谁
anything,ˈenɪθɪŋ,pron. 什么事/物; 任何事/物
anyway,ˈeniweɪ,adv. 不管怎样; 反正; 而且
anywhere,ˈenɪweə,adv. 任何地方
apartment,əˈpɑːtmənt,n. 公寓; 房间
appear,əˈpɪə,vi. 出现; 似乎
apple,ˈæpl,n. 苹果
area,ˈeərɪə,n. 面积; 地域; 区域; 领域
argue,ˈɑːɡjuː,v. 争吵; 争论
arm,ɑːm,n. 手臂; 支架
army,ˈɑːmɪ,n. 军队
around,əˈraʊnd,adv./prep. 在周围; 大约
arrive,əˈraɪv,vi. 到达; 达到
art,ɑːt,n. 艺术; 美术; 技艺
article,ˈɑːtɪkl,n. 文章; 冠词; 东西; 条款
artist,ˈɑːtɪst,n. 艺术家
as,"əz, æz",adv./conj./prep. 像…一样; 如同;
ask,ɑːsk,v. 问; 询问; 请求; 要求; 邀请
asleep,əˈsliːp,adj. 睡着的; 熟睡的
astronaut,ˈæstrənɔːt,n. 宇航员
at,æt,prep. 在(几点钟); 在(某处等); 因为
athlete,ˈæθliːt,n. 运动员
attack,əˈtæk,v./n. 袭击; 攻击
attend,əˈtend,v. 参加; 出席
attention,əˈtenʃn,n. 关心; 注意
aunt,ɑːnt; (US) ænt,n. 伯母; 舅母; 婶; 姑; 姨
autumn/fall,ˈɔːtəm,n. 秋天; 秋季
average,ˈævərɪdʒ,adj./n./v. 平均
avoid,əˈvɔɪd,v. 避免; 躲开; 逃避
awake (awoke;awoken),əˈweɪk,adj. 醒着的
award,əˈwɔːd,v. 授予 n. 奖状; 奖品; 奖金
aware,əˈweə,adj. 有意识的; 知道的
away,əˈweɪ,adv. 离开; 远离; 距…多远/多久
awful,ˈɔːfl,adj. 可怕的; 极坏的; 很多的
baby,ˈbeɪbɪ,n. 婴儿
back,bæk,n. 后面; 后部; 背部
background,ˈbækɡraʊnd,n. 背景
"bad (worse, worst)",bæd,adj. 坏的;有害的; 严重的
badminton,ˈbædmɪntən,n. 羽毛球
bag,bæg,n. 书包; 提包; 袋子
balance,ˈbæləns,n./v. 平衡
ball,bɔːl,n. 球; 舞会
balloon,bəˈluːn,n. 气球
bamboo,bæmˈbuː,n. 竹子
banana,bəˈnɑːnə,n. 香蕉
band,bænd,n. 乐队; 带; 范围
bank,bæŋk,n. 岸; 堤; 银行
baseball,ˈbeɪsbɔːl,n. 棒球
basic,ˈbeɪsɪk,adj. 基本的
basket,ˈbɑːskɪt; (US) ˈbæskɪt,n. 篮子
basketball,ˈbɑːskɪtbɔːl,n. 篮球
bat,bæt,n. 蝙蝠; 球拍
bath,bɑːθ,n. 洗澡
bathroom,ˈbɑːθruːm,n. 浴室
beach,biːtʃ,n. 海滨; 海滩
bean,biːn,n. 豆荚; 豆类
bear,beə,n. 熊 v. 忍受; 支撑; 结(果实)
"beat (beat, beaten)",biːt,v. 敲打; 跳动; 打赢
beautiful,ˈbjuːtɪfl,adj. 美丽的; 漂亮的
because,bɪˈkɒz; bɪˈkɔːz,conj. 因为
"become (became, become)",bɪˈkʌm,v. 变得; 成为
bed,bed,n. 床
bedroom,ˈbedruːm,n. 寝室; 卧室
bee,biː,n. 蜜蜂
beef,biːf,n. 牛肉
before,bɪˈfɔː(r),prep./adv./conj. 在…以前/前面; 以前
"begin (began,begun)",bɪˈɡɪn,v. 开始; 着手
behave,bɪˈheɪv,v. 举止; 行为; 表现; 有礼貌
behind,bɪˈhaɪnd,prep./adv. 在…后面; 向后; 后面
believe,bɪˈliːv,v. 相信; 认为
bell,bel,n. 钟; 铃; 钟/铃声
below,bɪˈləʊ,prep. 在…下面
belt,belt,n. 带; 皮带
benefit,ˈbenɪfɪt,v. 得益于; 受益 n. 利益; 益处; 好处
beside,bɪˈsaɪd,prep. 在...旁边; 靠近
best,best,adj. 最好的
better,ˈbetə,adj. 更好的
between,bɪˈtwiːn,prep. 在(两者)之间
big,bɪɡ,adj. 大的
bill,bɪl,n. 帐单; 法案; 议案; 钞票; 纸币
bin,bɪn,n. 垃圾箱; 箱; 柜
biology,baɪˈɒlədʒɪ,n. 生物
bird,bəːd,n. 鸟
birth,bəːθ,n. 出生; 诞生
birthday,ˈbəːθdeɪ,n. 生日
biscuit,ˈbɪskɪt,n. 饼干
bit,bɪt,n. 一点; 一些; 少量
black,blæk,n./adj. 黑色(的); 邪恶的
blackboard,ˈblækbɔːd,n. 黑板
"bleed (bled , bled)",bliːd,v. 流血
blind,blaɪnd,adj. 瞎的; 盲目的
block,blɒk,n. 街区; 大块 vt. 阻碍; 阻挡
blood,blʌd,n. 血; 血液
blouse,blaʊz,n. 女衬衫
"blow (blew, blown)",bləʊ,v. 吹; 刮 n. 打击
blue,bluː,adj. 蓝色; 悲伤的; 色情的
board,bɔːd,n. 木板; 布告牌; 董事会 v. 登上
boat,bəʊt,n. 小船; 轮船
body,ˈbɒdi,n. 身体; 尸体
boil,bɔɪl,v. 煮; 煮沸; (使)沸腾
book,bʊk,n. 书; 本子 v.预定(座位/席位/房间/票等)
boring,ˈbɔːrɪŋ,adj. 没趣的; 无聊的; 令人厌倦/厌烦的
born,bɔːn,adj. 天生的； (be born)出生
borrow,ˈbɒrəʊ,v. 借用; 借
boss,bɒs,n. 领班; 老板
both,bəʊθ,adj./pron. 两者; 双方
bottle,ˈbɒtl,n. 瓶子
bottom,ˈbɒtəm,n. 底部; 底; 屁股
bowl,bəʊl,n. 碗; 椭圆形运动场
box,bɒks,n. 盒子; 箱子
boy,bɔɪ,n. 男孩
brain,breɪn,n. 脑子; 智力; 脑力
brave,breɪv,adj. 勇敢的
bread,bred,n. 面包
"break (broke, broken)",breɪk,v. 打破/断/碎; 违犯
breakfast,ˈbrekfəst,n. 早餐
breath,breθ,n. 气息; 呼吸
bridge,brɪdʒ,n. 桥
bright,braɪt,adj. 明亮的; 聪明的
bring (brought),brɪŋ,vt. 拿来; 带来
brother,ˈbrʌðə,n. 兄; 弟
brown,braʊn,n./adj. 褐色; 棕色
brush,brʌʃ,v. (用刷子)刷或涂抹 n. 刷子; 画笔
budget,ˈbʌdʒɪt,n. 预算
"build (built, built)",bɪld,v. 建筑; 建造 n. 体型；体格
building,ˈbɪldɪŋ,n. 建筑物; 大楼
bully,ˈbʊlɪ,n. 仗势欺人者 v. 欺凌; 恐吓; 胁迫
burn (burned/burnt ),bɜːn,v. 燃烧; 着火;
bus,bʌs,n. 公共汽车
business,ˈbɪznɪs,n. 商业; 生意; 商务; 公事;
busy,ˈbɪzɪ,adj. 忙碌的
but,bʌt,conj./prep. 但是; 除了
butter,ˈbʌtə,n. 黄油; 奶油
butterfly,ˈbʌtəflaɪ,n. 蝴蝶
buy (bought),baɪ,vt. 买
by,baɪ,prep. 靠近; 在…旁边; 不迟于; 用;
cabbage,ˈkæbɪdʒ,n. 卷心菜; 洋白菜
cake,keɪk,n. 蛋糕; 糕点
calendar,ˈkælɪndə,n. 日历; 日程表;
call,kɔːl,n./v. 叫; 啼; 鸣; 命名; 打电话
calm,kɑːm,adj. 镇静的; 沉着的; 风平浪静的
camera,ˈkæmərə,n. 照相机;摄像机
camp,kæmp,n. 营地; 营房 v. 宿营
can,kæn,v. 能够; 可以; 会
cancel,ˈkænsl,v. 取消
cancer,ˈkænsə,n. 癌症
candle,ˈkændl,n. 蜡烛
candy,ˈkændɪ,n. 糖果
cap,kæp,n. 帽子
capital,ˈkæpɪtl,n. 首都; 省会; 大写; 资本
car,kɑː,n. 汽车; 小车
card,kɑːd,n. 卡片; 名片; 纸牌
care,keə,n. 照料; 关心; 小心; 忧虑; 焦虑
careful,ˈkeəfʊl,adj. 小心的; 仔细的; 谨慎的
careless,ˈkeəlɪs,adj. 粗心的
carrot,ˈkærət,n. 胡萝卜
carry,ˈkærɪ,vt. 拿; 搬; 带; 提; 抬; 背; 抱; 运
cartoon,kɑːˈtuːn,n. 卡通
case,keɪs,n. 情况; 箱子; 案件; 病例
cash,kæʃ,n. 现金
cat,kæt,n. 猫
catch (caught),kætʃ,v. 接住; 捉住; 赶上; 染上(疾病)
cause,kɔːz,n. 原因; 理由; 事业 v. 造成; 导致; 引起
celebrate,ˈselɪbreɪt,v. 庆祝
cent,sent,n. 美分(100 cents =1 dollar)
central,ˈsentrəl,adj. 中央的; 中间的
centre/center,ˈsentə,n. 中心; 中央
century,ˈsentʃurɪ,n. 世纪; 百年
certain,ˈsɜːtn,adj. 确定的; 肯定的; 无疑的; 某; 某些
chair,tʃeə,n. 椅子 v. 主持(会议等)
chalk,tʃɔːk,n. 粉笔
challenge,ˈtʃælɪndʒ,n./v. 挑战
champion,ˈtʃæmpɪən,n. 冠军
chance,tʃɑːns; tʃæns,n. 机会; 可能性
change,tʃeɪndʒ,n. 零钱; 找头; 改变; 变化
character,ˈkærɪktə,n. 人物; 性格; 特点; (汉)字
characteristic,ˌkærɪktəˈrɪstɪk,adj. 典型的; 独特的
charity,ˈtʃærɪtɪ,n. 慈善; 慈善机构(或组织);
chat,tʃæt,n./v. 聊天
cheap,tʃiːp,adj. 便宜的
cheat,tʃiːt,v. 骗取; 哄骗; 作弊
check,tʃek,vt. 检查; 批改; 校对; 核实
cheer,tʃɪə,n./vi. 欢呼; 喝彩
cheese,tʃiːz,n. 奶酪
chemistry,ˈkemistri,n. 化学
chess,tʃes,n. 国际象棋
chicken,ˈtʃɪkən,n. 鸡; 鸡肉
child (pl.children),tʃaɪld,n. 孩子; 儿童
China,ˈtʃaɪnə,n. 中国
Chinese,ˌtʃaɪˈniːz,n. 中国人; 汉语; 中文
chip,tʃɪp,n. 炸薯条/片; 炸土豆条; 芯片; 碎片
chocolate,ˈtʃɒklət,n. 巧克力
choice,tʃɔɪs,n. 选择; 抉择
"choose (chose,chosen)",tʃuːz,vt. 选择
chopsticks,ˈtʃɒpstɪks,n. 筷子
chore,tʃɔː,n. 家务活; 日常事务/工作;
Christmas,ˈkrɪsməs,n. 圣诞节(12月25日)
cinema,ˈsɪnimə,n. 电影院; 电影
circle,ˈsɜːk(ə)l,n. 圆; 圆形; 圆圈; 圈子
citizen,ˈsɪtɪzn,n. 市民
city,ˈsɪtɪ,n. 城市; 都市
class,klɑːs; (US) klæs,n. 班; 课; 阶级; 等级
classic,ˈklæsɪk,n. 名著; 杰作; 典范
classmate,ˈklɑːsmeɪt,n. 同班同学
classroom,ˈklɑːsruːm,n. 教室
clean,kliːn,vt. 弄干净; 擦干净; adj. 清洁的; 干净的
clear,klɪə,adj. 清楚的; 明显的; 晴朗的;
clever,ˈklevə,adj. 聪明的;伶俐的
click,klɪk,n. 敲击声; 咔嗒声; 单击
climate,ˈklaɪmɪt,n. 气候
climb,klaɪm,v. 爬; 攀登
clock,klɒk,n. 闹钟
close,kləʊz,vt. 关; 关闭
clothes,kləʊðz,n. 衣服
cloud,ˈklaʊd,n. 云; 云状物
cloudy,ˈklaʊdɪ,adj. 多云的; 阴天的
club,klʌb,n. 俱乐部
coach,kəʊtʃ,n. 教练; 马车; 长途车
coast,kəʊst,n. 海岸; 海滨
coat,kəʊt,n. 外套; 上衣; 毛皮; 涂层
coin,kɔɪn,n. 硬币
cold,kəʊld,adj. 冷的; 寒的
collect,kəˈlekt,vt. 收集; 搜集
college,ˈkɒlɪdʒ,n. 学院; 专科学校
colour /color,'kʌlə,v. 着色 n. 颜色; 肤色; 气色
"come (came, come)",kʌm,vi. 来; 来到
comfortable,ˈkʌmfətəbl,adj. 舒服的; 安逸的
common,ˈkɒmən,adj. 常见的; 普通的; 共同的; 共有的
communicate,kəˈmjuːnɪkeɪt,v. 交际; 交流; 传达
community,kəˈmjuːnɪtɪ,n. 社区; 社会; 社团; 团体
company,ˈkʌmpənɪ,n. 公司; 陪伴
compare,kəmˈpeə,vt. 比较; 对比
compete,kəmˈpi:t,v. 比赛; 竞赛
complete,kəmˈpliːt,vt. 完成; 结束
computer,kəmˈpjuːtə,n. 计算机
concert,ˈkɒnsət,n. 音乐会; 演奏会
condition,kənˈdɪʃn,n. 条件; 状况
confidence,ˈkɒnfɪdəns,n. 信心; 自信心; 信任
congratulation,kənˌɡrætʃuˈleɪʃn,n. 祝贺; 恭贺; 贺词
connect,kəˈnekt,vt. 连接; 联系; 沟通
consider,kənˈsɪdə,vt. 考虑; 认为
continue,kənˈtɪnjuː,vi. 继续
control,kənˈtrəʊl,vt./n. 控制
convenient,kənˈviːnɪənt,adj. 方便的; 便利的; 实用的110. conversation [ˌkɒnvəˈseɪʃn]: n. 谈话; 交谈
cook,kʊk,n. 炊事员; 厨师 v. 烹调; 做饭
cookie,ˈkʊki,n. 曲奇饼; 网络饼干
cool,kuːl,adj. 凉的; 凉爽的; 酷的
cooperate,kəʊˈɒpəreɪt,v. 合作; 协作; 配合
copy,ˈkɒpɪ,n. 抄本; 副本; 一本/份/册
corn,kɔːn,n. 玉米
corner,ˈkɔːnə,n. 角; 角落; 拐角
correct,kəˈrekt,v. 改正; 纠正 adj. 正确的; 对的
cost (cost),kɒst,v. 值(多少钱); 花费;
cotton,ˈkɒtn,n. 棉花
could,kʊd,v. (can的过去式)可以; 能够
count,kaʊnt,vt. 数; 点数; 重要
country,ˈkʌntrɪ,n. 国家; 农村; 乡村
countryside,ˈkʌntrɪsaɪd,n. 乡下; 农村
couple,ˈkʌpl,n. 夫妇; 一对
courage,ˈkʌrɪdʒ,n. 勇气; 胆略
course,kɔːs,n. 过程; 经过; 课程
cousin,ˈkʌzn,n. 堂(表)兄弟; 堂(表)姐妹
cover,ˈkʌvə,n. 盖子; 罩 v. 覆盖; 遮盖; 掩盖
cow,kaʊ,n. 母牛; 奶牛
crazy,ˈkreɪzɪ,adj. 疯狂的; 狂热的
create,kriːˈeɪt,vt. 创造; 创作; 产生; 引起
creative,krɪˈeɪtɪv,adj. 有创意的; 创造性的
cross,krɒs,n. 十字架; 十字形 v. 跨过; 穿过; 交叉
crowded,ˈkraʊdɪd,adj. 拥挤的
cry,kraɪ,n. 叫喊; 哭声 v. 喊叫; 大哭
cucumber,ˈkjuːˌkʌmbə,n. 黄瓜
culture,ˈkʌltʃə,n. 文化
cup,kʌp,n. 茶杯
curious,ˈkjʊərɪəs,adj. 好奇的
customer,ˈkʌstəmə,n. 顾客; 消费者
"cut (cut, cut)",kʌt,v. 切; 剪; 削; 割
cute,kjuːt,adj. 可爱的; 精明的
daily,ˈdeɪlɪ,adj. 每日的;日常的
dance,dɑːns;  dæns,n./vi. 跳舞
danger,ˈdeɪndʒə,n. 危险
dangerous,ˈdeɪndʒərəs,adj. 危险的
dark,dɑːk,n. 黑暗; 暗处; 阴影
date,deɪt,n. 日期; 约会
daughter,ˈdɔːtə,n. 女儿
day,deɪ,n. 天; 日; 白天
dead,ded,adj. 死的
deaf,def,adj. 聋的
"deal (dealt, dealt)",diːl,v. 打击; 解决; 交易
dear,dɪə,adj. 亲爱的; 昂贵的
death,deθ,n. 死; 死亡
decide,dɪˈsaɪd,v. 决定; 下决心
deep,diːp,adj. 深的; 纵深的; 深奥的
degree,dɪˈɡriː,n. 学位; 程度; 度数
delicious,dɪˈlɪʃəs,adj. 美味的; 可口的
dentist,ˈdentɪst,n. 牙科医生
depend,dɪˈpend,vi. 依靠; 依赖; 取决于
describe,dɪˈskraɪb,vt. 描写; 叙述
desert,ˈdezət,n. 沙漠; 荒漠
design,dɪˈzaɪn,v. 设计; 筹划 n. 图样; 图纸; 设计(图)
desk,desk,n. 书桌; 写字台
develop,dɪˈveləp,v. 发展; 开发; 研制;
diary,ˈdaɪərɪ,n. 日记
dictionary,ˈdɪkʃənərɪ,n. 词典; 字典
die,daɪ,v. 死
diet,ˈdaɪət,n. 饮食; 节食
difference,ˈdɪfərəns,n. 不同
different,ˈdɪfərənt,adj. 不同的; 有差异的
difficult,ˈdɪfɪkəlt,adj. 困难的; 艰难的
dig (dug),dɪɡ,v. 挖(洞、沟等); 掘
digital,ˈdɪdʒɪtl,adj. 数码的; 数字的
dining,ˈdaɪnɪŋ,n. 吃饭; 进餐
dinner,ˈdɪnə,n. 正餐; 宴会
direct,"dɪˈrekt, daɪˈrekt",adj. 直接的; 直达的
director,dəˈrektə,n. 导演
dirty,ˈdɜːtɪ,adj. 脏的; 肮脏的; 色情的
disappoint,ˌdɪsəˈpɔɪnt,v. 使失望
disaster,dɪˈzɑːstə,n. 灾难
discover,dɪˈskʌvə,vt. 发现
discuss,dɪsˈkʌs,vt. 讨论; 议论
disease,dɪˈziːz,n. 病; 疾病
dish,dɪʃ,n. 盘; 碟; 菜肴
divide,dɪˈvaɪd,vt. 分; 分配; 分开; 分割
"do (did, done)","dʊ, duː",v. 做; 干
doctor,ˈdɒktə,n. 医生; 博士
dog,dɒɡ; dɔːɡ,n. 狗
doll,dɒl; dɔːl,n. 玩偶; 玩具娃娃
dollar,ˈdɒlə,n. 元; 美元
donate,dəʊˈneɪt,v. 捐赠
door,dɔː,n. 门
double,ˈdʌbl,adj. 两倍的; 双的 n. 两个; 双
doubt,daʊt,n./vt. 怀疑; 疑惑
down,daʊn,adv. 向下; 在下面; 下跌; 减小
download,ˈdaʊnˌləʊd,v. 下载
dragon,ˈdræɡən,n. 龙
drama,ˈdrɑːmə,n. 戏剧
"draw (drew, drawn)",drɔː,v. 绘画; 绘制; 拉;
dream (dreamt/dreamed),driːm,n./vt. 梦; 梦想
dress,dres,n. 女服; 连衣裙 v. 给…穿衣服
"drink (drank, drunk)",drɪŋk,v. 喝; 饮 n. 饮料; 酒
"drive (drove, driven)",draɪv,v. 驾驶; 驱赶; 驱动
driver,ˈdraɪvə,n. 司机; 驾驶员
drop,drɒp,n. 滴; 一点点
dry,draɪ,v. 使…干; 弄干 adj. 干的; 干燥的
duck,dʌk,n. 鸭子
dumpling,ˈdʌmplɪŋ,n. 饺子
during,ˈdjuərɪŋ,prep. 在…期问
duty,ˈdjuːtɪ,n. 责任; 义务
each,iːtʃ,adj./pron. 每人; 每个
eagle,ˈiːɡl,n. 鹰
ear,ɪə,n. 耳朵; (谷类的)穗
early,ˈɜːli,adj. 早期的; 早先的; 早到的; 提前的
earth,ɜːθ,n. 地球; 土; 泥; 大地
earthquake,ˈɜːθˌkweɪk,n. 地震
east,iːst,adj. 东方的; 东部的; 朝东的
easy,ˈiːzɪ,adj. 容易的; 不费力的
"eat (ate, eaten)",iːt,v. 吃; 吃饭
effect,ɪˈfekt,n. 影响
effort,ˈefət,n. 努力; 艰难的尝试
egg,eɡ,n. 蛋; 卵
either,ˈaɪðə(r),adj. 两者之一的
elder,ˈeldə,adj. 长者; 前辈
electric,ɪˈlektrɪk,adj. 电的
electronic,ɪˌlekˈtrɒnɪk,adj. 电子的
elephant,ˈelɪfənt,n. 大象
else,els,adv. 其他的; 另外的
email/e-mail,iː-meɪl,]: n. 电子邮件
emergency,iˈmɜːdʒənsi,n. 紧急情况
encourage,ɪnˈkʌrɪdʒ,vt. 鼓励
end,end,n. 结束; 终止 v. 末尾; 终点; 结束
enemy,ˈenɪmɪ,n. 敌人; 敌军
energetic,ˌenəˈdʒetɪk,adj. 精力充沛的
energy,ˈenədʒi,n. 精力; 活力
engineer,ˌendʒɪˈnɪə,n. 工程师; 技师
English,ˈɪŋɡlɪʃ,n. 英语
enjoy,ɪnˈdʒɔɪ,vt. 享受; 欣赏; 喜爱; 享有;
enough,ɪˈnʌf,adj. 足够的; 充分的
enter,ˈentə,vt. 进入; 登记; 登录; 输入
environment,ɪnˈvaɪərənmənt,n. 环境
era,ˈɪərə,n. 时代; 纪元
eraser,ɪˈreɪzə(r),n. 橡皮擦; 黑板擦
especially,ɪˈspeʃəlɪ,adv. 特别; 尤其
even,ˈiːvn,adv. 甚至; ...得多
evening,ˈiːvnɪŋ,n. 傍晚; 晚上
event,ɪˈvent,n. 大事; 事件; 活动; 运动项目
ever,ˈevə,adv. 曾经; 无论何时
every,ˈevrɪ,adj. 每; 所有的 det. 每个; 每一个; 每隔
everyday,ˈevrɪdeɪ,adj. 每日的; 日常的
everything,ˈevrɪθɪŋ,pron. 每件事; 事事
everywhere,ˈevrɪweə(r),adv. 到处; 每处
exactly,ɪɡˈzæktlɪ,adv. 确切地; 准确地; 精确地;
example,ɪɡˈzɑːmpl,n. 例子; 榜样
excellent,ˈeksələnt,adj. 极好的; 优秀的
except,ɪkˈsept,prep. 除…之外
excited,ɪkˈsaɪtɪd,adj. 兴奋的; 激动的
exciting,ɪkˈsaɪtɪŋ,adj. 令人/使人激动的
excuse,ɪkˈskjuːz,v. 原谅; 宽恕
exercise,ˈeksəsaɪz,n./v. 练习; 习题; 运动;
expect,ɪkˈspekt,vt. 预料; 盼望; 认为
expensive,ɪkˈspensɪv,adj. 昂贵的
experience,ɪkˈspɪərɪəns,n. 经验; 经历
expert,ˈekspɜːt,n. 专家; 高手
explain,ɪksˈpleɪn,vt. 解释; 说明
explore,ɪkˈsplɔː,v. 探索; 勘探
express,ɪkˈspres,vt. 表达; 表示
eye,aɪ,n. 眼睛
face,feɪs,n. 脸 vt. 面向; 面对
fact,fækt,n. 事实; 现实
fail,feɪl,v. 失败; 不及格; 衰退
fair,feə,adj. 公平的; 合理的 n. 展览会; 集市
"fall (fell, fallen)",fɔːl,vi. 落下; 降落; 倒下
false,fɔːls,adj. 错误的
familiar,fəˈmɪljə,adj. 熟悉的
family,ˈfæmɪlɪ,n. 家庭
famous,ˈfeɪməs,adj. 著名的
fan,fæn,n. 风扇; 影迷; 球迷
fantastic,fænˈtæstɪk,adj. 极好的; 很棒的; 美妙的
"far (father,farthest; further,furthest)",fɑː,adj./adv. 远的/地
farm,fɑːm,n. 农场; 农庄
farmer,ˈfɑːmə,n. 农民
fashion,ˈfæʃ n,n. 时尚
fast,ˈfɑːst,adj. 快的; 迅速的 adv. 快地; 迅速地
fat,fæt,n. 脂肪 adj. 胖的; 肥的
father,ˈfɑːðə,(dad) n. 父亲
favourite/favorite,ˈfeivərit,adj. 最喜爱的
fear,fiə,n./v. 害怕; 恐惧; 担忧
feed (fed),fiːd,vt. 喂(养); 饲(养)
feel (felt),fiːl,v. 感觉; 觉得; 触摸; 认为
feeling,ˈfiːlɪŋ,n. 感情; 感觉
festival,ˈfestɪvəl,n. 节日; 汇演
fever,ˈfiːvə,n. 发烧; 发热
few,fjuː,pron.不多; 少数
field,fiːld,n. 田地; 牧场; 场地
"fight (fought,fought)",faɪt,v./n. 打仗; 打架
fill,fɪl,vt. 填空; 装满
film,fɪlm,n. 电影; 影片; 胶卷
final,ˈfaɪnl,adj. 最后的; 终极的
find (found),faɪnd,vt. 找到;发现; 认为
fine,faɪn,adj. 晴朗的; 美好的; 健康的
finger,ˈfɪŋɡə,n. 手指
finish,ˈfɪnɪʃ,v. 结束; 做完
fire,ˈfaɪə,n. 火; 火灾
fireman (pl. firemen),ˈfaɪəmən,n. 消防员
firework,ˈfaɪəˌwɜːk,n.烟花
fish,fɪʃ,n. 鱼; 鱼肉
fit,fɪt,adj. 健康的; 适合的 v. (使)适合; 安装
fix,fɪks,vt. 修理; 安装; 固定; 决定
flag,flæɡ,n. 旗帜; 标志
flat,flæt,n. 套房; 公寓 adj. 平坦的
flood,flʌd,n. 洪水
floor,flɔː(r),n. 地面; 地板; (楼房的)层
flower,ˈflaʊə,n. 花
flu,fluː,n. 流行性感冒
"fly (flew, flown)",flaɪ,v. 飞; 飞行; 飘扬; 放(风筝等)
focus,ˈfəʊkəs,n./v. 关注; 集中; 焦点
fog,fɒɡ,n. 雾; 雾气
folk,fəʊk,adj. 民间的; 民俗的; 老百姓的
follow,ˈfɒləʊ,vt. 跟随; 仿效; 跟得上
food,fuːd,n. 食物; 食品
fool,fuːl,n. 傻子; 笨蛋; 小丑
foot (pl.feet),fʊt,n. 足; 脚; 英尺
football,ˈfutbɔːl,n. (英式)足球; (美式)橄榄球
for,f ɔː,prep. 为了; 向; 往; 因为;
force,fɔːs,vt. 强迫; 迫使
foreign,ˈfɒrən,adj. 外国的
forest,ˈfɒrɪst,n. 森林
forever,fəˈrevə,adv. 永远
"forget (forgot, forgotten)",fəˈɡet,v. 忘记; 忘掉
fork,fɔːk,n. 叉子; 餐叉
form,fɔːm,n. 表格; 形式; 结构
forward(s),ˈfɔːwəd,adv. 向前; 前进
found,faʊnd,v. 建立; 成立
fox,fɒks,n. 狐狸; 狡猾的人
free,friː,adj. 自由的; 空闲的; 免费的
"freeze (froze, frozen)",friːz,vi. 结冰; 惊呆; 吓呆
fresh,freʃ,adj. 新鲜的; 淡的
friend,frend,n. 朋友
friendly,ˈfrendlɪ,adj. 友好的
friendship,ˈfrendʃɪp,n. 友谊; 友情
from,frɒm,prep. 从; 从…起; 来自
front,frʌnt,adj. 前面的; 前部的
fruit,fruːt,n. 水果; 果实
full,fʊl,adj. 满的; 充满的; 饱的; 丰富的; 完整的
fun,fʌn,n. 有趣的事; 娱乐; 玩笑
funny,ˈfʌnɪ,adj. 有趣的; 滑稽可笑的
future,ˈfjuːtʃə,n. 将来; 未来
game,ɡeɪm,n. 游戏; 运动; 比赛
garden,ˈɡɑːdn,n. 花园; 果园; 菜园
gas,ɡæs,n. 汽油; 气体; 毒气; 煤气
gate,ɡeɪt,n. 大门
general,ˈdʒenər(ə)l,adj. 大体的; 总的
gentleman,ˈdʒentlmən,n. 绅士; 先生
geography,dʒɪˈɒɡrəfɪ,n. 地理学
get (got),ɡet,vt. 收到; 得到; 赚;
gift,ɡɪft,n. 礼物; 赠品; 天赋
girl,ɡɜːl,n. 女孩
"give (gave, given)",ɡɪv,vt. 给; 递给; 付出
glad,ɡlæd,adj. 高兴的; 乐意的
glass,ɡlɑːs,n. 玻璃杯; 玻璃; (复)眼镜
glove,ɡlʌv,n. 手套
glue,ɡluː,n. 胶水
"go (went, gone)",ɡəʊ,v. 去; 走; 变成; 进展; 流逝
goal,ɡəʊl,n. 目标; 射门
god,ɡɒd,n. 神; 上帝(大写)
gold,ɡəʊld,n. 黄金 adj. 金的; 黄金的
"good (better, best)",ɡʊd,adj. 好的; 健康的
goodbye (bye),ˌɡʊdˈbaɪ,int. 再见
government,ˈɡʌvənmənt,n. 政府
grade,ɡreɪd,n. 等级; 年级; 学年; 成绩
graduate,ˈɡrædʒuət ; ˈɡrædʒueɪt,v. 毕业
grammar,ˈɡræmə,n. 语法
grandfather (grandpa),ˈɡrænpɑː; ˈɡrænfɑːðə,n. 爷爷; 外公
grandmother(grandma),"ˈɡrænmɑː, ˈɡrænmʌðə",n. 奶奶; 外婆
grape,ɡreɪp,n. 葡萄
grass,ɡrɑːs; ɡræs,n. 草; 草场; 牧草
great,ɡreɪt,adj. 伟大的; 大的; 重要的;
green,ɡriːn,n. 绿色 adj. 绿色的; 未成熟的; 环保的
greet,ˈɡriːt,v. 问候; 致敬; 招呼; 迎接
grey/gray,ɡreɪ,adj. 灰(白)色的; 忧郁的
ground,ɡraʊnd,n.地面
group,ɡruːp,n. 组; 群
"grow (grew, grown)",ɡrəʊ,v. 生长; 种植; 变成
guard,ɡɑːd,n. 卫兵; 守卫; 后卫
guess,ɡes,vi. 猜; 认为
guest,ɡest,n. 客人; 宾客
guide,ɡaɪd,n. 向导; 导游
guitar,ɡɪˈtɑː,n. 吉他
gun,ɡʌn,n. 枪; 炮
habit,ˈhæbɪt,n. 习惯; 习性
hair,heəI,n. 头发
half,hɑːf; hæf,adj./n. 半; 一半; 半个
hall,hɔːl,n. 大堂; 会堂; 礼堂
hamburger,ˈhæmbɜːɡə,n. 汉堡包
hand,hænd,n. 手; 指针
handsome,ˈhænsəm,adj. 英俊的
hang (hung),hæŋ,v. 悬挂; 吊着; 吊起;
happen,ˈhæpən,vi. (偶然)发生
happy,ˈhæpɪ,adj. 幸福的; 高兴的
hard,hɑːd,adv. 努力地; 使劲; 猛烈地
hardly,ˈhɑːdlɪ,adv. 几乎不; 简直不
hat,hæt,n. 帽子; 礼帽
hate,heɪt,n./vt . 恨; 讨厌
"have (has, had)",hæv,v. 有; 吃; 喝; 进行; 经受
he,hiː,pron. 他
head,hed,n. 头脑; 脑筋; 首脑; 领导人; 校长; 前端
health,helθ,n. 健康; 卫生
healthy,ˈhelθɪ,adj. 健康的; 健壮的
hear ( heard),hɪə,v. 听见; 听说; 得知
heart,hɑːt,n. 心; 心脏; 红桃
heat,hiːt,n. 热; 热量
heavy,ˈhevɪ,adj. 重的; 厚的
height,haɪt,n. 高; 高度
hello (hi),həˈləʊ,int. 喂; 你好
help,help,n./vt. 帮助; 帮忙
helpful,ˈhelpfl,adj. 有帮助的; 有益的
hen,hen,n. 母鸡
her,hɜː,pron. 她(宾格); 她的
here,hɪə,adv. 这里; 在这里; 向这里
hero (pl. heroes),ˈhɪərəʊ,n. 英雄; 勇士
hers,hɜːz,pron. 她的
herself,hɜːˈself,pron. 她自己
hi,haɪ,interj. 喂; 你好
"hide (hid, hidden)",haɪd,v. 把…藏起来; 隐藏; 躲藏; 隐瞒
high,haɪ,adj. 高的; 高度的
hike,haɪk,n./v. 郊游; 远足
hill,hɪl,n. 小山; 丘陵; 土堆
him,hɪm,pron. 他(宾格)
himself,hɪmˈself,pron. 他自己
his,hɪz,pron. 他的
history,ˈhɪstərɪ,n. 历史; 历史学
hit (hit),hɪt,vt. 打; 撞; 击中; 袭击;
hobby,ˈhɒbi,n. 业余爱好; 嗜好
hold ( held),həʊld,vt. 拿; 抱; 握住; 举行;
hole,həʊl,n. 洞
holiday,ˈhɒlədi,n. 假日; 假期
home,həʊm,n. 家; 家庭; 故乡; 原产地
hometown,ˈhəʊmtaʊn,n. 故乡
homework,ˈhəʊmwɜːk,n. 家庭作业
honest,ˈɒnɪst,adj. 诚实的; 正直的
honey,ˈhʌnɪ,n. 蜂蜜; 亲爱的; 宝贝
honour/honor,ˈɒnə,n. 荣誉; 敬意
hope,həʊp,n./v. 希望
horse,hɔːs,n. 马
hospital,ˈhɒspɪtl,n. 医院
hot,hɒt,adj. 热的; 辣的
hotel,həʊˈtel,n. 旅馆; 宾馆; 饭店
hour,ˈaʊə,n. 小时
house,haʊs,n. 房子; 住宅
housework,ˈhaʊswɜːk,n. 家务劳动; 家务活
how,haʊ,adv. 怎样; 如何; 多么
however,haʊˈevə,adv./conj. 可是; 然而;
hug,hʌɡ,v./n. 拥抱
huge,hjuːdʒ,adj. 巨大的; 庞大的
human,ˈhjuːmən,adj. 人的; 人类的 n. 人; 人类
humour /humor,ˈhjuːmə,n. 幽默; 诙谐; 滑稽
hungry,ˈhʌŋɡrɪ,adj. 饥饿的
hunt,hʌnt,n./v. 捕猎; 寻找; 搜寻
hurry,ˈhʌrɪ,vi. n. 赶快; 急忙
hurt (hurt),hɜːt,vt. 受伤; 伤害; 危害; 弄痛
husband,ˈhʌzbənd,n. 丈夫
I,aɪ,pron. 我
ice,aɪs,n. 冰
ice-cream,ˈaɪs kriːm,n. 冰淇淋
idea,aɪˈdɪə,n. 主意; 意见; 打算; 想法
if,ɪf,conj. 如果; 假使; 是否
ill,ɪl,adj. 有病的; 不健康的; 坏的; 有害的
illness,ˈɪlnɪs,n. 疾病
imagine,ɪˈmædʒɪn,vt. 想象; 设想; 认为
important,ɪmˈpɔːtənt,adj. 重要的
impossible,ɪmˈpɒsəbl,adj. 不可能的
improve,ɪmˈpruːv,vt. 改进; 更新
in,ɪn,prep. 在…里; 用; 穿戴; 在家; 在…方面
include,ɪnˈkluːd,vt. 包含; 包括
increase,ɪnˈkriːs,v./n. 增加
industry,ˈɪndəstrɪ,n. 工业; 产业
influence,ˈɪnflʊəns,n./v. 影响
information,ɪnfəˈmeɪʃn,n. 信息; 情报
insect,ˈɪnsekt,n. 昆虫
inside,ɪnˈsaɪd,prep. 在…里/内
instead,ɪnˈsted,adv. 代替; 顶替
instruction,ɪnˈstrʌkʃn,n. 说明; 教导
instrument,ˈɪnstrəmənt,n. 器具
interest,ˈɪntrɪst,n. 兴趣; 利益; 利息 v. 使感兴趣
interesting,ˈɪntrɪstɪŋ,adj. 有趣的
Internet,ˈɪntənet,n. 互联网; 因特网
interview,ˈɪntəvjuː,n./v. 采访; 会见; 面试
into,ˈɪntə,prep. 到…里; 进入; 对着; 变成
introduce,ɪntrəˈdjuːs,vt. 介绍; 引进
invent,ɪnˈvent,vt. 发明; 创造
invite,ɪnˈvaɪt,vt. 邀请; 要求; 招致
island,ˈaɪlənd,n. 岛
it,ɪt,pron. 它
its,ɪts,pron. 它的
itself,ɪtˈself,pron. 它自己
jacket,ˈdʒækɪt,n. 短上衣; 夹克衫
jeans,dʒiːns,n. 牛仔裤
job,dʒɒb,n. 工作
jog,dʒɒɡ,v. 慢跑
join,dʒɔɪn,v. 参加; 加入; 连接; 会合
joke,dʒəʊk,v. 开玩笑 n. 笑话; 玩笑; 恶作剧
journey,ˈdʒɜːnɪ,n. 旅程; 旅行
joy,dʒɔɪ,n. 欢乐; 高兴; 乐趣
judge,dʒʌdʒ,n. 法官; 审判官; 裁判 v. 审判; 判断
juice,dʒuːs,n. 汁; 液
jump,dʒʌmp,v. 跳跃; 惊起; 猛扑
junior,ˈdʒuːnɪə,adj. 初级的; 年少的; 级别/职位低的
just,dʒʌst,adv. 刚才; 恰好; 不过; 仅
keep (kept),kiːp,v. 保存; 保管; 保藏; 经营;
key,kiː,n. 钥匙; 答案; 键; 关键
kick,kɪk,v./n. 踢
kid,kɪd,n. 小孩 v. 取笑; 开玩笑; 戏弄
kill,kɪl,v. 杀死; 弄死; 导致死亡; 消磨
kilometre /kilometer),ˈkiləmi:tə,n. 千米; 公里
kind,kaɪnd,adj. 友好的; 亲切的; 好心的 n. 种类
king,kɪŋ,n. 国王
kiss,kɪs,n./vt. 吻; 亲吻
kitchen,ˈkɪtʃɪn,n. 厨房
kite,kaɪt,n. 风筝
knee,niː,n. 膝盖
knife (pl. knives),naɪf,n. 小刀
knock,nɒk,v./ n. 敲; 打; 击
"know (knew, known)",nəʊ,v. 知道; 了解; 认识; 懂得
knowledge,ˈnɒlɪdʒ,n. 知识; 学问; 知晓
lady,ˈleɪdɪ,n. 女士; 夫人
lake,leɪk,n. 湖; 湖泊
lamb,læmb,n. 羔羊
land,lænd,n. 陆地; 土地; 耕地
landscape,ˈlændˌskeɪp,n. 景观; 景色
language,ˈlæŋɡwɪdʒ,n. 语言
lantern,ˈlæntən,n. 灯笼
laptop,ˈlæpˌtɒp,n. 手提电脑
large,lɑːdʒ,adj. 大的; 巨大的
last,lɑːst,det. 最后的; 最近的; 上一个的
late,leɪt,adj. 晚的; 迟的; 末期的 adv. 晚地; 迟地
later,ˈleɪtə,adj. 后来的; 晚年的 adv. 后来; 以后
laugh,lɑːf,n. /v. 笑; 大笑; 嘲笑
law,lɔː,n. 法律; 法令; 定律
lawyer,ˈlɔːjə,n. 律师; 法学家
lay (laid),leɪ,vt. 平放; 铺放;下(蛋)
lead (led),liːd,vt. 领导; 带领
leaf (pl. leaves),liːf,n. 树叶; 菜叶
learn (learnt/learned),lɜːn,vt. 学习; 学会
least,liːst,n. 最少; 最少量
leave ( left),liːv,v. 离开; 留下; 剩下; 丢下
left,left,adj. 左边的 n. 左; 左边
leg,leɡ,n. 腿
lemon,ˈlemən,n. 柠檬
lend (lent),lend,vt. 借(出); 把…借给
less,les,adj. 更少的
lesson,[ˈlesn,n. 课; 功课; 教训
let ( let),let,vt. 让; 允许; 同意; 出租
letter,ˈletə,n. 信; 字母
level,ˈlevl,n. 水平; 水平线
library,ˈlaibrəri,n. 图书馆; 图书室
"lie (lay, lain)",lai,v. 躺; 平放; 位于
"life (pl, lives)",laif,n. 生命; 生活; 人生; 生物
lift,lift,v. 举起; 抬起; (云/烟等)消散; 取消
light,laɪt,n. 光; 光亮; 灯; 灯光
lightning,ˈlaɪtnɪŋ,n. 闪电
like,laɪk,prep. 像; 跟…一样 vt. 喜欢; 喜爱
likely,ˈlaɪklɪ,adj. 可能的; 有希望的; 合适的
line,laɪn,n. 绳索; 线; 排; 行; 线路
lion,ˈlaɪən,n. 狮子
list,lɪst,n. 一览表; 清单
listen,ˈlɪsn,vi. 听; 仔细听; 倾听; 听从
literature,ˈlɪtrətʃə,n. 文学
litter,ˈlɪtə,v. 乱丢; 乱扔 n. 垃圾; 杂物
"little (less, least)",ˈlɪtl,adj. 少的; 小的
live,lɪv,vi. 生活; 居住; 活着
lively,ˈlaɪvlɪ,adj. 活泼的; 充满生气的
local,ˈləʊkl,adj. 当地的; 地方的 n. 当地人; 本地人
lock,lɒk,n. 锁 vt. 锁; 锁上
lonely,ˈləʊnlɪ,adj. 孤独的; 荒凉的
long,lɒŋ,adj. 长的; 长久的 adv. 长久地
look,lʊk,v. 看; 看起来; 显得 n. 脸色; 表情
lose (lost),luːz,v. 失去; 丢失
loss,lɒs,n. 损失
lost,lɒst,adj. 失踪的; 迷路的; 失去的; 丢失的
lot,lɒt,n. 许多; 好些
loud,laʊd,adj./adv. 大声的/地; 吵闹的/地
love,lʌv,n./vt. 爱; 热爱; 很喜欢
lovely,ˈlʌvlɪ,adj. 美好的; 可爱的
low,ləʊ,adj. 低的; 低矮的; 便宜的; 沮丧的
luck,lʌk,n. 运气; 好运
lunch,lʌntʃ,n. 午餐; 午饭
machine,məˈʃiːn,n. 机器
mad,mæd,adj. 发疯的; 生气的
madam /madame,ˈmædəm,n. 夫人; 女士
magazine,ˌmæɡəˈziːn,n. 杂志
magic,ˈmædʒɪk,adj. 有魔力的
main,meɪn,adj. 主要的
make (made),meɪk,vt. 制造; 赚钱; 制定;
mall,mɔːl,n. 商场; 购物中心
man (pl. men),mæn,n. 男人; 人; 人类
manage,ˈmænɪdʒ,v. 管理; 处理; 解决;
manner,ˈmænə,n. 方法; 方式; 态度; 举止
"many (more, most)",ˈmenɪ,pron. 许多人(事)
map,mæp,n. 地图
mark,mɑːk,v. 作记号; 标示; 纪念; 评分
market,ˈmɑːkɪt,n. 市场; 集市
marry,ˈmærɪ,v. 结婚; 为…主持婚礼
master,ˈmɑːstə,vt. 精通; 掌握
match,mætʃ,n. 比赛; 火柴vt. 使相配; 使配对
material,məˈtɪərɪəl,n. 材料; 原料; 布料
matter,ˈmætə,v. 要紧; 重要; 有重大影响
may,meɪ,v. 可以; 也许; 可能
maybe,ˈmeɪbiː,adv. 可能; 大概; 也许
me,miː,pron. 我(宾格)
meal,miːl,n. 早(或午、晚)餐; 一顿饭
mean (meant),miːn,vt. 意思是; 意指; 意味
meaning,ˈmiːnɪŋ,n. 意思; 含义
meat,miːt,n. 肉
medal,ˈmedl,n. 奖章; 勋章
medical,ˈmedɪkl,adj. 医学的; 医疗的
medium,ˈmiːdɪəm,adj. 中等的; 中间的; 适中的
meet ( met),miːt,n. 集会; 运动会
meeting,ˈmiːtɪŋ,n. 会议; 集会; 会见; 汇合点
member,ˈmembə,n. 成员; 会员
mention,ˈmenʃn,n./vt. 提及; 提到
menu,ˈmenjuː,n. 菜单
mess,mes,n. 混乱; 一团糟
message,ˈmesɪdʒ,n. 消息; 音信
method,ˈmeθəd,n. 方法; 办法
metre/meter,'mi:tə,n. 米; 公尺
middle,ˈmɪdl,adj./ n. 中间; 当中; 中级
might (may的过去式),maɪt,v. 可能; 也许
mile,maɪl,n. 英里(=1.609km)
milk,mɪlk,n. 牛奶
mind,maɪnd,n. 头脑; 大脑; 想法; 思想
mine,maɪn,pron. 我的(物主代词)
minute,ˈmɪnɪt,n. 分钟; 一会儿; 时刻
mirror,ˈmɪrə,n. 镜子
miss,mɪs,vt. 失去; 错过; 思念
Miss,mɪs,n. 小姐; 女士
"mistake (mistook, mistaken)",mɪsˈteɪk,n. 错误; 失误
mix,mɪks,v. 混合; 融合; 搅拌
mobile,ˈməʊbaɪl,adj. 移动的; 机动的
model,ˈmɒdl,n. 模型; 原形; 模范
modern,ˈmɒd(ə)n,adj. 现代化的; 时髦的
moment,ˈməumənt,n. 片刻; 瞬间
money,ˈmʌnɪ,n. 钱; 货币
monkey,ˈmʌŋkɪ,n. 猴子
month,mʌnθ,n. 月; 月份
moon,muːn,n. 月球; 月光; 月状物
more (much/many的比较级),mɔː,adv. 更; 更加
morning,ˈmɔːnɪŋ,n. 早晨; 上午
most (much/many的最高级),məʊst,det./pron. 最多; 最大; 大多数
mother,ˈmʌðə,n. 母亲
mountain,ˈmaʊntɪn,n. 山; 山脉
mouse (pl. mice),maʊs,n. 鼠; 耗子; 鼠标
mouth,maʊθ,n. 嘴; 口
move,muːv,v. 移动; 搬动; 搬家
movie,ˈmuːvɪ,n. 电影
Mr/Mr.,ˈmɪstə,n. 先生(用于姓名前)
Mrs/Mrs.,ˈmɪsɪz,n. 夫人; 太太
Ms/ Ms.),mɪz,n. 女士
"much (more, most)",mʌtʃ,adv. 非常; 很
museum,mjuˈzɪəm,n. 博物馆; 博物院
music,ˈmjuːzɪk,n. 音乐; 乐曲
must,mʌst,v. 必须; 必定是; 硬要; 偏要
mutton,ˈmʌtn,n. 羊肉
my,maɪ,pron. 我的
myself,maɪˈself,pron. 我自己
name,neɪm,n. 名字; 姓名; 名称
narrow,ˈnærəʊ,adj. 狭窄的
nation,ˈneɪʃən,n. 国家; 民族
nature,ˈneɪtʃə,n. 自然界; 自然; 性质; 本质
near,nɪə,adj. 近的; 接近的; 近亲的
nearly,ˈnɪəlɪ,adv. 将近; 几乎
necessary,ˈnesisərɪ,adj. 必需的; 必要的
neck,nek,n. 颈; 脖子
need,niːd,n. 需要; 需求 v. 需要
negative,ˈneɡətɪv,adj. 消极的; 负面的;
neighbour/neighbor,ˈneibə,n. 邻居; 邻人
neither,"ˈnaɪðə, ˈniːðə",adj. (两者)都不; 也不
nervous,ˈnəːvəs,adj. 紧张不安的
never,ˈnevə,adv. 决不; 从来没有
new,njuː,adj. 新的; 新鲜的
news,njuːz,n. 新闻; 消息
newspaper,ˈnjuːzpeɪpə,n. 报纸
next,nekst,adj. 下一个的; 紧接着的
nice,naɪs,adj. 令人愉快的; 好的; 漂亮的
night,naɪt,n. 夜; 夜间
no,nəʊ,不; 不是; 没有; 无; 禁止
nobody,ˈnəʊbədɪ,pron. 没有人; 谁也不
nod,nɒd,vi. 点头
noise,nɔɪz,n. 声音; 噪声; 喧闹声
none,nʌn,pron. 无任何东西或人
noodle,ˈnuːdl,n. 面条
noon,nuːn,n. 中午; 正午
nor,nɔː,conj./adv. 也不
normal,ˈnɔːml,n. 常态; 正常 adj. 正常的
north,nɔːθ,adj. 北的; 朝北的; 从北来的
nose,nəʊz,n. 鼻子
not,nɒt,adv. 不; 没有
note,nəʊt,n. 便条; 笔记; 注释; 钞票; 音符
notebook,ˈnəʊtbʊk,n. 笔记本; 笔记本电脑
nothing,ˈnʌθɪŋ,pron. 没有东西; 没有什么
notice,ˈnəʊtɪs,n. 布告; 通告; 通知; 注意
novel,ˈnɒvl,n. 小说 adj. 新颖的
now,naʊ,adv. 现在
number,ˈnʌmbə,n. 数字; 编号; 数量
nurse,nəːs,n. 护士; 保育员
object,ˈɒbdʒɪkt,n. 物体; 物件; 目标; 宾语
ocean,ˈəʊʃn,n. 海洋
o’clock,əˈklɒk,n. 点钟
of,"ɒv, əv",prep. …的; 关于; 属于
offer,ˈɒfə,v. 提供; 提出; 出价
office,ˈɒfɪs,n. 办公室
officer,ˈɒfɪsə,n. 军官; 官员
often,ˈɒfn; ˈɔːfn,adv. 经常; 常常
oil,ɔɪl,n. 食用油; 石油; 原油
OK,əʊˈkeɪ,adj./adv. / exclamation
old,əʊld,adj. 老的; 旧的
on,ɒn,prep. 在…上面; 关于
once,wʌns,adv. 一次; 曾经 conj. 一旦
onion,ˈʌnjən,n. 洋葱
online,ˌɒnˈlaɪn,adj. 在线的; 网上的
only,ˈəʊnlɪ,adv. 仅仅; 只; 才
open,ˈəʊpən,adj. 开着的; 开口的
opera,ˈɒpərə,n. 歌剧; 歌剧院
operate,ˈɒpəreɪt,v. 操作; 控制; 动手术;
opinion,əˈpɪnjən,n. 看法; 见解; 主张
opposite,ˈɒpəzɪt,prep. 在...对面
or,ɔː,conj. 或; 就是; 否则; 不然
orange,ˈɒrɪndʒ,n. 橘子; 橙子; 橘子汁
order,ˈɔːdə,v. 命令; 指挥; 订购;
other,ˈʌðə,pron. adj. 另外; 其他
our,ˈaʊə,pron. 我们的 (形容词性物主代词)
ours,ˈaʊəz,pron. 我们的 (名词性物主代词)
outside,aʊtˈsaɪd,n./adj./adv./prep.
oven,ˈʌvn,n. 烤箱; 烤炉
over,ˈəʊvə,prep. 在...上方; 翻越
own,əʊn,adj. 自己的
pack,pæk,v. 打包; 收拾; 包装
page,peɪdʒ,n. 页; 页码
paint,peɪnt,v. 画; 油漆; 粉刷
pair,peə,n. 一双; 一对
palace,ˈpælɪs,n. 宫殿; 皇宫
pale,peɪl,adj. 苍白的; 灰白的; 浅色的
pancake,ˈpænkeɪk,n. 薄煎饼
panda,ˈpændə,n. 熊猫
paper,ˈpeɪpə,[U] 纸
pardon,ˈpɑːdn,v./n. 原谅; 宽恕; 抱歉;
parent,ˈpeərənt,n. 父亲（或母亲）
part,pɑːt,n. 部分; 角色; 部件; 零件
partner,ˈpɑːtnə,n. 搭档; 合伙人; 配偶
party,ˈpɑːtɪ,n. 聚会; 晚会; 党派
pass,pɑːs,vt. 传; 递; 经过; 通过
passage,ˈpæsɪdʒ,n. 通道; 走廊; 章节
passenger,ˈpæsɪndʒə,n. 乘客; 旅客
passport,ˈpɑːspɔːt,n. 护照
past,pɑːst,prep. 经过; 超过
patient,ˈpeɪʃ(ə)nt,n. 病人
pay (paid),peɪ,v. 付钱; 给报酬
peace,piːs,n. 和平; 平静
pear,peə,n. 梨子
pen,pen,n. 钢笔
pencil,ˈpensl,n. 铅笔
penguin,ˈpeŋɡwɪn,n. 企鹅
people,ˈpiːpl,n. 人; 人们; 人民; 民族
pepper,ˈpepə,n. 胡椒粉; 甜椒
per cent = percent),pəˈsent,n. 百分之…
perfect,ˈpɜ:fɪkt,adj. 完美的; 极好的
perform,pəˈfɔːm,v. 表演; 履行; 实行; 做;
perhaps,pəˈhæps,adv. 可能; 或许
period,ˈpɪərɪəd,n. 时期; 时代; 课时
person,ˈpɜːsn,n. 人; 个人
personal,ˈpɜːsənl,adj. 个人的; 私人的
pet,pet,n. 宠物
phone,fəʊn,v. 打电话
physics,ˈfɪzɪks,n. 物理(学)
piano,pɪˈænəʊ,n. 钢琴
pick,pɪk,v. 挑选; 采; 摘; 拿
picnic,ˈpɪknɪk,n./v. 野餐
picture,ˈpɪktʃə,n. 图片; 照片
pie,paɪ,n. 馅饼；果馅派
piece,piːs,n. 一块(片; 张; 件…)
pig,pɪg,n. 猪
pill,pɪl,n. 药丸; 药片
pilot,ˈpaɪlət,n.飞行员；领航员
ping-pong,ˈpɪŋ pɒŋ,n. 乒乓球
pink,pɪŋk,adj. n. 粉红色(的)
pioneer,ˌpaɪəˈnɪə,n. 先锋; 开拓者
pity,ˈpɪtɪ,n.怜悯; 遗憾; 同情
pizza,ˈpiːtsə,n. 比萨饼; 披萨饼
place,pleɪs,n. 地方; 场所; 位置; 地位;
plan,plæn,n. v. 计划; 打算
plane,pleɪn,n. 飞机
planet,ˈplænɪt,n. 行星
plant,plɑːnt,v. 种植; 播种;
plastic,ˈplæstɪk,n. 塑料
plate,pleɪt,n. 盘子; 碟子
play,pleɪ,v. 玩; 比赛；播放;
playground,ˈpleɪgraʊnd,n. 操场; 运动场
please,pliːz,v. 请; 使高兴; 使人满意
pleasure,ˈpleʒə,n. 高兴; 愉快
plenty,ˈplentɪ,n. 充足; 大量
pocket,ˈpɒkɪt,n. (衣服的)口袋
poem,ˈpəʊɪm,n. 诗
poet,ˈpəʊɪt,n. 诗人
point,pɔɪnt,v. 指; 指向; 瞄准
police,pəˈliːs,n. 警察部门；警方
policeman (pl. policemen),pəˈliːsmən,n.警察
polite,pəˈlaɪt,adj. 有礼貌的
pollute,pəˈluːt,v . 污染
pool,puːl,n. 水塘; 水池
poor,pʊə,adj. 贫穷的; 可怜的; 差的
popular,ˈpɒpjʊlə,adj. 受欢迎的；流行的
population,ˌpɒpjuˈleɪʃn,n. 人口
pork,pɔːk,n. 猪肉
porridge,ˈpɒrɪdʒ,n. 粥
position,pəˈzɪʃn,n. 位置; 职位; 地位
positive,ˈpɒzɪtɪv,adj. 积极的;
possible,ˈpɒsɪbl,adj. 可能的
post,pəʊst,n. 邮政; 邮件; 岗位
postcard,ˈpəʊstkɑːd,n. 明信片
pot,pɒt,n. 锅
potato,pəˈteɪtəʊ,n. 土豆; 马铃薯
pound,paund,n. 磅; 英镑
pour,pɔː,v. 倒; 倾倒; 下大雨
power,ˈpaʊə,n. 控制力；政权; 权力；
practice,ˈpræktɪs,v. 练习; 实践(=practise)
praise,preɪz,n. /vt. 赞扬; 表扬
prefer,prɪˈfɜː,v. 更喜欢; 较喜欢
prepare,prɪˈpeə,vt. 准备; 预备（饭菜）
present,ˈpreznt,n. 礼物; 现在 adj.现在的
president,ˈprezɪdənt,n. 总统; 国家主席;
press,pres,v. 按，压
pressure,ˈpreʃə,n. 压力; 压强
pretty,ˈprɪtɪ,adj. 漂亮的; 优美的; 俊俏的
price,praɪs,n. 价格; 价钱; 代价
pride,praɪd,n. 自豪; 骄傲
primary,ˈpraɪmərɪ,adj. 最初的；初级的;
prince,prɪns,n. 王子; 王孙; 亲王
princess,ˌprɪnˈses,n. 公主; 王妃; 娇小姐
print,prɪnt,vt. 打印；印刷; 刊登
private,ˈpraɪvɪt,adj. 私人的
prize,praɪz,n. 奖赏; 奖品
probably,ˈprɒbəblɪ,adv. 很可能; 大概
problem,ˈprɒbləm,n. 问题; 难题
produce,prəˈdjuːs,vt. 生产; 制造
product,ˈprɒdʌkt,n. 产品；产物
programme / program,ˈprəʊɡræm,n. 节目; 项目; 程序
progress,ˈprəʊɡres,n. [U] 进步; 进展; 前进
project,ˈprɒdʒekt,n. 工程; 项目
promise,ˈprɒmɪs,n./v. 答应; 许诺; 承诺
pronounce,prəˈnaʊns,vt. 发音
proper,ˈprɒpə,adj. 恰当的; 合适的
protect,prəˈtekt,vt. 保护
proud,praʊd,adj. 自豪的; 骄傲的
prove,pruːv,v. 证明
provide,prəˈvaɪd,vt. 提供; 供给
public,ˈpʌblɪk,adj. 公共的; 公众的; 公立的
publish,ˈpʌblɪʃ,v. 出版; 发行; 发布
pull,pʊl,v. /n. 拉; 拖; 拔出; 吸引
punish,ˈpʌnɪʃ,vt. 惩罚; 处罚
purple,ˈpɜːpl,n./adj. 紫色(的)
push,pʊʃ,n./v. 推; 挤; 推动; 推进; 促使
put (put),pʊt,v. 放; 摆放; 安置; 表达
quality,ˈkwɒlɪtɪ,n. 质量; 品质；素质
quarter,ˈkwɔːtə,n. 四分之一; 一刻钟
queen,kwiːn,n. 女王; 皇后
question,ˈkwestʃn,n. 问题
quick,kwɪk,adj. 快的; 迅速的; 敏捷的
quiet,ˈkwaɪət,adj. 安静的; 寂静的
quite,kwaɪt,adv. 十分; 相当; 非常
rabbit,ˈræbɪt,n. 兔; 兔肉
race,reɪs,n. 种族; 赛跑; 竞赛
radio,ˈreɪdɪəʊ,n. 无线电; 收音机
railway,ˈreɪlweɪ,n. 铁路; 铁道
rain,reɪn,n. 雨; 雨水 vi. 下雨
raise,reɪz,vt. 举起; 提高; 饲养; 养育
rapid,ˈræpɪd,adj. 快的; 迅速的
rather,ˈrɑːðə,adv. 十分; 相当
reach,riːtʃ,v. 到达; 达成; 伸手够到
read (read),riːd,v. 阅读；朗读；写着
ready,ˈredɪ,adj. 准备好的
real,ˈriːəl,adj. 真实的; 真的；真正的
realise /realize,ˈrɪəlaɪz,vt. 意识到; 实现
really,ˈriːəli,adv. 事实上，真正地
reason,ˈriːzn,n. 原因; 理由
receive,rɪˈsiːv,v. 收到; 得到
recent,ˈriːsənt,adj. 近来的; 最近的
recognize /recognize,ˈrekəɡnaɪz,vt. 认出；辨别出；认可
recommend,ˌ rekəˈmend,v. 推荐; 建议
record,ˈrekɔːd,n. 记录; 唱片
recycle,ˌriːˈsaɪkl,v. 回收利用; 再循环
red,red,n. /adj. 红色；红色的
reduce,rɪˈdjuːs,v. 减少; 缩小
refuse,rɪˈfjuːz,vt. 拒绝
regret,rɪˈɡret,n./vt. 遗憾; 后悔; 懊悔; 悔恨
relationship,rɪˈleɪʃnʃɪp,n. 关系; 联系
relative,ˈrelətɪv,n. 亲戚; 亲属
relax,rɪˈlæks,v. (使)放松; 轻松
remain,rɪˈmeɪn,v. 仍然是；剩余；遗留
remember,rɪˈmembə,v. 记得; 想起
remind,rɪˈmaɪnd,v. 提醒; 使想起
repair,rɪˈpeə,n./v. 修理; 修补
repeat,rɪˈpiːt,vt. 重复；重说; 重做
reply,rɪˈplaɪ,n. /v. 回答; 答复
report,rɪˈpɔːt,n. /v. 报道; 报告
require,rɪˈkwaɪə,vt. 需求; 要求
research,rɪˈsɜːtʃ,n. /v. 研究; 调查
respect,rɪˈspekt,v. /n. 尊重; 尊敬
responsible,rɪˈspɒnsɪbl,adj. 负责的
rest,rest,n. 休息; 剩余部分；其余的人/物
restaurant,ˈrestərɒnt,n. 饭馆; 饭店
result,rɪˈzʌlt,n. 结果; 后果
return,rɪˈtɜːn,v./n. 归还; 返回；回来
review,rɪˈvjuː,v./n. 复习; 回顾; 评论
rice,raɪs,n. 水稻; 大米; 米饭
rich,rɪtʃ,adj. 富裕的; 丰富的; 肥沃的
"ride (rode, ridden)",raɪd,v. 骑; 乘车
right,raɪt,adj. 正确的; 对的；右边的;
"ring (rang, rung)",rɪŋ,v. 鸣响; 打电话
"rise (rose, risen)",raɪz,vi. 上升; 增长；起床
risk,rɪsk,n./v. 冒险; 风险
river,ˈrɪvə(r),n. 江; 河
road,rəud,n. 公路; 道路
robot,ˈrəubɒt,n. 机器人
rock,rɒk,n. 岩石; 石头; 摇滚乐
rocket,ˈrɒkɪt,n. 火箭
role,rəʊl,n. 作用; 角色
room,rum,n. 房间; 空间
rope,rəʊp,n. 绳子
rose,rəuz,n. 玫瑰花
round,raund,n. 回合; 局 prep. 在...周围
row,rəu,n. 排; 行; 列 v. 划船
rubbish,ˈrʌbiʃ,n. 垃圾; 废物
rule,ruːl,n. 规则; 统治 v. 统治; 治理
ruler,ˈruːlə,n. 尺子; 统治者
"run(ran, run)",rʌn,vi. 跑; 行驶; 运转; 掉色
rush,rʌʃ,vi. 冲; 迅速移动； vt. 速送
sad,sæd,adj. 悲伤的; 悲哀的
safe,seɪf,adj. 安全的 n. 保险箱
safety,ˈseɪftɪ,n. 安全；平安
salad,ˈsæləd,n. 色拉（西餐的一种凉拌菜）
sale,seɪl,n. 卖; 出售; 销售; 拍卖
salt,sɔːlt,n. 盐
same,seɪm,adj. 相同的; pron. 相同的事物
sand,sænd,n. 沙; 沙滩
save,seɪv,vt. 救; 挽救; 节省; 储蓄; 保存
say (said),seɪ,v. 说; 讲
scare,skeə,v. 惊吓；使害怕；使恐惧
scarf,skɑːf,n. 围巾；披巾；头巾
school,skuːl,n. 学校
schoolbag,'sku:lbæg,n. 书包
science,ˈsaɪəns,n. 科学; 自然科学; 理科
scientist,ˈsaɪəntɪst,n. 科学家
scissors,ˈsɪzəz,n. 剪刀
score,skɔː,n. 比分; 得分; 分数；二十
screen,skriːn,n. 屏幕
sea,siː,n. 海; 海洋
search,sɜːtʃ,n. /v. 搜寻; 搜查
season,ˈsiːzn,n. 季；季节; 赛季
seat,siːt,n. 座位 v. 使坐下; 可坐…人
secret,ˈsiːkrɪt,n. 秘密 adj. 秘密的
"see (saw, seen)",siː,v. 看见; 看到; 明白
seem,siːm,v. 似乎; 好像
seldom,ˈseldəm,adv. 很少; 不常
sell ( sold),sel,v. 卖; 销售; 出售
send (sent),send,v. 派遣; 发送; 邮寄
sense,sens,n. 感觉; 意识
separate,ˈsepərət,v. (使)分开; (使)分离
serious,ˈsɪərɪəs,adj. 严肃的; 严重的; 认真的
serve,sɜːv,v. 服务; 接待; 端上; 提供
service,ˈsɜːvɪs,n. 服务; 公共服务系统
set (set),set,vt. 放置; 安置; 设定 n. 一套
several,ˈsevrəl,pron. 几个; 数个；一些
"shake (shook, shaken)",ʃeɪk,v. 摇动; 震动
shall (should),ʃæl,v. 将要; 将会; 必须
shame,ʃeɪm,n. 羞愧; 耻辱; 遗憾的事
shape,ʃeɪp,n. 形状; 外形 v. 使成形; 塑造
share,ʃeə,v. 分享; 共享；分担
shark,ʃɑːk,n. 鲨鱼
she,ʃiː,pron. 她 （主格）
sheep (pl. sheep),ʃiːp,n. 绵羊
shelf (pl. shelves),ʃelf,n. 架子; 搁板
ship,ʃɪp,n. 大船 vi．用船运; 运输
shirt,ʃɜːt,n. (尤指男式的) 衬衫
shoe,ʃuː,n. 鞋子
shop,ʃɒp,vi. 逛商店; 购物 n. 商店; 车间
short,ʃɔːt,adj. 短的; 矮的
shorts,ʃɔːts,n. 短裤
should,ʃud,v. 应当; 应该
shoulder,ˈʃəʊldə,n. 肩膀 v. 承担
shout,ˈʃaut,n./v. 大叫; 呼叫，呼喊
"show (showed, shown)",ʃəʊ,v. 表明；出示; 展示
shower,ˈʃaʊə,n. 阵雨; 淋浴
shut (shut),ʃʌt,v. 关闭；关上；关门
shy,ʃaɪ,adj. 害羞的
sick,sɪk,adj. 生病的; 恶心的
side,said,n. 一边，一侧; 一面；侧面；一方
sign,saɪn,v. 签(名); 打手势
silent,ˈsailənt,adj. 无声的; 沉默的; 寂静的
silk,silk,n. 丝; 丝绸; 丝织品
silly,ˈsili,adj. 傻的; 愚蠢的
silver,ˈsɪlvə,n. 银 adj. 银色的
similar,ˈsɪmɪlə,adj. 相似的; 类似的
simple,ˈsimpl,adj. 简单的; 朴素的
since,sins,prep. conj. adv. 自...以来
"sing (sang, sung)",siŋ,v. 唱; 唱歌
single,ˈsiŋɡl,adj. 单一的; 单个的
sir,səː,n. 先生; 长官
sister,ˈsistə,n. 姐; 妹
sit (sat),sɪt,vi. 坐
situation,ˌsɪtʃuˈeɪʃn,n. 形势; 情况
size,saiz,n. 尺寸; 大小
skate,skeɪt,vi. 溜冰; 滑冰
ski,skiː,vi. 滑雪
skill,ˈskɪl,n. 技能; 技巧
skirt,skɜːt,n. 女裙
sky,skaɪ,n. 天; 天空
sleep (slept),sliːp,v. /n. 睡觉
slim,slɪm,adj. 苗条的; 纤细的
slow,sləʊ,adj. /adv. 慢速的/地; 缓慢的/地
small,smɔːl,adj. 小的; 小型的; 年幼的
smart,smɑːt,adj. 聪明的; 机敏的; 时髦的
smell (smelled或smelt),smel,v. 闻;闻到 n.气味; 臭味
smile,smaɪl,n./ n. 微笑
smoke,sməʊk,n. 烟 v. 抽烟; 冒烟
snack,snæk,n. 点心; 小吃; 快餐
snake,sneɪk,n. 蛇
snow,snəʊ,n. 雪 v. 下雪
so,səʊ,adv. 那样; 如此; conj. 所以
social,ˈsəʊʃl,adj. 社会的; 社交的
society,səˈsaɪətɪ,n. 社会; 协会; 学会; 社团
sock,sɒk,n. 短袜
sofa,səʊfə,n. (长)沙发
soft,sɒft,adj. 软的; 柔软的; 轻柔的；柔和的
soil,sɔɪl,n. 土壤; 土地
soldier,ˈsəʊldʒə,n. 士兵; 战士
solve,sɒlv,v. 解决; 解答
some,sʌm,pron. 有些 adj. 一些；有些
somebody,ˈsʌmbɒdɪ,pron. 某人; 重要人物
someone,ˈsʌmwʌn,pron. 某人; 重要人物
something,ˈsʌmθɪŋ,pron. 某事; 某物
sometimes,ˈsʌmtaɪmz,adv. 有时
somewhere,ˈsʌmweə,adv. 在某处
son,sʌn,n. 儿子
song,sɒŋ,n. 歌曲
soon,suːn,adv. 不久; 很快
sore,sɔː,adj. 疼痛的; 酸痛的
sorry,ˈsɒrɪ,adj. 遗憾的;难过的;抱歉的
sound,saʊnd,n. 声音 v. 发出声音；听起来
soup,suːp,n. 汤
south,ˈsauθ,n. adj.南方(的) adv. 向南
space,speɪs,n. 空间; 太空
spare,speə,adj. 空闲的; 备用的
"speak (spoke, spoken)",ˈspiːk,v. 说; 讲; 发言
special,ˈspeʃl,adj. 特别的; 特殊的; 专门的
speech,spiːtʃ,n. 演讲; 演说; 发言
speed,spiːd,n. 速度
spell (spelled或spelt),spel,v. 拼写
spirit,ˈspɪrɪt,n. 精神; 心灵
spoon,spuːn,n. 匙; 调羹
sport,spɔːt,n. 运动; 体育运动
spread (spread),spred,v. 延伸; 展开; 传播
spring,sprɪŋ,n. 春天; 泉; 弹簧
square,skweə,n. 广场；方形
stage,steɪdʒ,n. 舞台; 时期; 阶段
stamp,stæmp,n. 邮票
stand (stood),stænd,v. 站; 起立; 忍受
standard,ˈstændəd,n. 标准; 水平 adj. 标准的
star,stɑː,n. 星; 恒星; 明星
start,stɑːt,v. 开始; 出发; 启动 n. 开始; 开头
state,steɪt,n. 状态; 国家; 州 v. 陈述; 说明
station,ˈsteɪʃn,n. 车站; 站; 所; 局; 电视台
stay,steɪ,n. v. 停留; 逗留 v. 保持
"steal (stole, stolen)",stiːl,v. 偷; 窃取
step,step,n. 脚步; 台阶; 步骤 v. 迈步; 踏
stick (stuck),stɪk,n. 棒; 棍 v. 刺；粘住; 卡住
still,stɪl,adv. 仍然; 还 adj. 静止的; 不动的
stomach,ˈstʌmək,n. 胃; 肚子 (pl. stomachs )
stone,stəʊn,n. 石头
stop,stɒp,v. 停止; 阻止; 中断 n. 车站; 停止
store,stɔː,n. 商店 v. 储藏; 储存
storm,stɔːm,n. 暴风雨
story,ˈstɔːrɪ,n. 故事; 小说
straight,streɪt,adj. 直的; 直率的
strange,streɪndʒ,adj. 奇怪的; 陌生的
strawberry,ˈstrɔːbərɪ,n. 草莓
street,striːt,n. 街; 街道
stress,stres,v. 强调 n. 压力; 强调；重音
strict,strɪkt,adj. 严格的; 严厉的
strong,strɒŋ,adj. 强壮的; 强大的; 强烈的
student,ˈstjuːdənt,n. 学生
study,ˈstʌdɪ,v. n. 学习; 研究 n. 书房
style,staɪl,n. 样式; 款式; 风格
subject,ˈsʌbdʒɪkt,n. 题目; 主题; 学科; 主语
succeed,səkˈsiːd,vi. 成功
success,səkˈses,n. 成功; 成功的人/事
such,sʌtʃ,]: pron./det. 这样的; 那样的; 如此
sudden,ˈsʌdn,adj. 突然的
suffer,ˈsʌfə,v. 受苦; 遭受
sugar,ˈʃʊɡə,n. 糖
suggest,səˈdʒest,vt. 建议; 表明
suit,suːt,n. 套装; 西装 v. 适合
summer,ˈsʌmə,n. 夏天; 夏季
sun,sʌn,n. 太阳; 阳光
sunny,ˈsʌnɪ,adj. 晴朗的; 阳光充足的
supermarket,ˈsuːpəmɑːkɪt,n. 超级市场
support,səˈpɔːt,v./n. 支持; 资助；支撑
suppose,səˈpəʊz,v. 认为; 假定；假设
sure,ʃʊə,adj. 确信的; 肯定的 adv. 当然
surface,ˈsɜːfɪs,n. 表面; 水面
surprise,səˈpraɪz,vt. 使惊奇; 使诧异 n. 惊奇
survey,ˈsɜːveɪ,n. 调查; 民意调查; 测量
survive,səˈvaɪv,v. 幸存; 存活
sweater,ˈswetə,n. 毛衣
sweep ( swept),swiːp,v. 打扫; 清除；席卷; 冲走
sweet,swiːt,n. 糖果 adj. 甜的; 可爱的
"swim(swam, swum)",swɪm,vi. 游泳
symbol,ˈsɪmbl,n. 象征; 标志; 符号
table,ˈteɪbl,n. 桌子; 表格
tail,teɪl,n. 尾巴
"take (took, taken)",teɪk,vt. 带(走); 拿(走); 服(药);
talent,ˈtælənt,n. 天赋; 天才；人才
talk,tɔːk,n./v. 谈话; 讲话; 交谈
tall,tɔːl,adj. 高的; 高大的
tap,tæp,v. n. 轻拍/敲 n. 龙头
tape,teɪp,n. 磁带; 录音/像带
task,tɑːsk,n. 任务; 工作
taste,teɪst,n. 味道; 味觉; 鉴赏力 v. 品尝
taxi,ˈtæksɪ,n. 出租车
tea,tiː,n. 茶; 茶叶
teach (taught),tiː tʃ,v. 教; 教授
teacher,ˈtiːtʃə,n. 教师; 老师
team,tiːm,n. 队; 组
teamwork,ˈtiːmˌwɜːk,n. 团队合作
technology,tekˈnɒlədʒɪ,n. 科技；技术
teenage,ˈtiːneɪdʒ,adj. 青少年的; 十几岁的(指13至19岁)
tell ( told),tel,v. 告诉; 说；区分
temperature,ˈtemprɪtʃə,n. 温度
tennis,ˈtenɪs,n. 网球
tent,tent,n. 帐篷
term,tɜːm,n. 学期; 术语; 条款
terrible,ˈterɪbl,adj. 可怕的; 糟糕的
test,test,vi./n. 测验；测试；考查; 检验
text,tekst,n. 文本; 正文；课文
than,ðæn,conj. /prep. 比
thank,θæŋk,v./n. 感谢; 道谢
that,ðæt,det./pron. 那; 那个 adv. 那样; 那么
the,"ðə, ðɪ, ðiː",art. 这(些); 那(些）
theatre / theatre,'θiətə,n. 戏院; 剧院
their,ðeə,pron. 他/她/它们的 (形容词性物主代词)
theirs,ðeəz,pron. 他/她/它们的 (名词性物主代词)
them,ðem,pron. 他/她/它们(宾格)
themselves,ðəmˈselvz,pron. 他/她/它们自己
then,ðen,adv. 当时; 那时; 然后
there,ðeə,adv. 那儿; 那里
therefore,ˈðeəfɔː,adv. 因此; 所以
these,ðiːz,det./ pron. 这些
they,ðeɪ,pron. 他/她/它们 (主格)
thick,θɪk,adj. 厚的; 粗的; 浓的; 稠密的
thin,θɪn,adj. 薄的; 瘦的; 稀的
thing,θɪŋ,n. 事情; 东西; 用品
think (thought),θɪŋk,v. 想; 认为; 思考
thirsty,ˈθəːstɪ,adj. 口渴的; 渴望的
this,ðɪs,det./ pron. 这; 这个 adv. 这样; 这么
those,ðəʊz,det./pron. 那些
though,ðəʊ,conj. 虽然; 尽管 adv. 可是
thought,θɔːt,n. 思想; 想法
through,θruː,prep./adv. 穿(通)过; 自始至终
"throw (threw, thrown)",θrəʊ,v. 投; 掷; 扔
thunder,ˈθʌndə,n. 雷; 雷声 v. 打雷
ticket,ˈtɪkɪt,n. 票; 券；车票; 罚款单
tidy,ˈtaidi,adj. 整齐的; 整洁的 v. 整理
tie,taɪ,vt. 系; 拴; 绑 n. 领带; 关系; 平局
tiger,ˈtaɪɡə,n. 老虎
time,taɪm,n. 时间; 时期; 时代; 次数; 倍数
tiny,ˈtaɪnɪ,adj. 极小的; 微小的
tired,ˈtaɪəd,adj. 疲倦的; 累的；厌烦的
to,"tʊ, tuː",prep. 到; 往; 达到; 直到; 对着;
today,təˈdeɪ,adv. /n. 今天; 现在
tofu,ˈtəʊfuː,n. 豆腐
together,təˈgeðə,adv. 一起; 共同
toilet,ˈtɔɪlɪt,n. 厕所；抽水马桶
tomato,təˈmɑːtəʊ,n. 西红柿; 番茄
tomorrow,təˈmɒrəʊ,adv./n. 明天
ton,tʌn,n. (重量单位) 吨
tonight,təˈnaɪt,adv./n. 今晚; 今夜
too,tuː,adv. 太; 过分; 也; 还
tool,tuːl,n. 工具; 器具
tooth (pl. teeth),tuːθ,n. 牙齿
top,tɒp,n. 顶部; 上面 adj. 顶级的; 最高的
total,ˈtəʊtl,adj. 全部的; 总计的 n. 总数; 总额
touch,tʌtʃ,vt. 触摸; 接触；碰 n. 触觉; 触摸
tour,tʊə,n. 观光; 旅行; 巡回演出
tourist,ˈtʊərɪst,n. 游客; 观光者
toward(s),təˈwɔːd(z),prep. 向; 朝; 对于
tower,ˈtaʊə,n. 塔
town,taʊn,n. 城镇
toy,tɔɪ,n. 玩具; 玩物
trade,treɪd,n. 贸易; 交易 v. 买卖; 交易
traffic,ˈtræfɪk,n. 交通
train,treɪn,n. 火车 v. 培训; 训练
training,ˈtreɪnɪŋ,n. 培训; 训练
travel,ˈtrævl,n. /v . 旅行; 行进
treasure,ˈtreʒə,n. 金银财宝; 财富 vt. 珍视
treat,triːt,v. 治疗; 对待; 看待; 处理；款待
tree,triː,n. 树
trip,trɪp,n. 旅行; 旅程 v. 绊倒
trouble,ˈtrʌbl,n. 问题; 烦恼; 麻烦 v. 使烦恼 /苦恼
trousers,ˈtraʊzəz,n. 裤子
truck,trʌk,n. 卡车; 货车
true,truː,adj. 真的; 真实的; 忠诚的
trust,trʌst,v. / n. 信任; 信赖; 相信
truth,truːθ,n. 真理; 事实; 真相
try,trai,v. n. 尝试; 试图; 努力
T-shirt,ˈtiː ʃɜːt,n. T恤衫
turn,tɜːn,v. 转身; 转动；转弯; 变成
ugly,ˈʌɡlɪ,adj. 丑陋的; 难看的
umbrella,ʌmˈbrelə,n. 伞; 保护伞
uncle,ˈʌŋkl,n. 叔; 伯; 舅; 姑夫; 姨父
under,ˈʌndə,prep. 在…下面; 少于
underground,ˌʌndəˈɡraʊnd,n. 地铁
understand (understood),ˌʌndəˈstænd,v. 懂得; 明白; 理解
uniform,ˈjuːnɪˌfɔː m,n. 制服; 校服
unit,ˈjuːnɪt,n. 单元; 单位
universe,ˈjuːnɪvɜːs,n. 宇宙
university,ˌjuːnɪˈvɜːsəti,n. 大学
unless,ənˈles,conj. 如果不; 除非
until,ənˈtɪl,prep./conj. 直到; 直到…为止
up,ʌp,adj. 向上的 adv. 向上; 在上面
upon,əˈpɒn,prep. 在…上面
us,ʌs,pron. 我们(宾格)
use,juːz,vt. /n. 用；使用; 利用; 应用
usual,ˈjuːʒʊəl,adj. 通常的; 平常的
vacation,vəˈkeɪʃn,n. 假期; 休假
value,ˈvæljuː,n. 价值 v. 重视; 珍视; 估价
vegetable,ˈvedʒɪtəbl,n. 蔬菜
very,ˈverɪ,adv. 很; 非常
victory,ˈvɪktərɪ,n. 胜利
video,ˈvɪdɪəʊ,n. 录像; 视频
view,vjuː,n. 看法; 观点; 视野; 风景 v. 看待
village,ˈvɪlɪdʒ,n. 村庄; 乡村
violin,ˌvaɪəˈlɪn,n. 小提琴
virus,ˈvaɪərəs,n. 病毒
visit,ˈvizit,n. /vt. 参观; 访问; 拜访
voice,vɔɪs,n. 嗓音; 说话声; 语态
volleyball,ˈvɒlibɔːl,n. 排球
volunteer,ˌvɒlənˈtɪə,n. 志愿者 v. 自愿(做某事)
vote,vəʊt,v. /n. 投票; 表决
wait,weɪt,v. 等; 等候; 等待
"wake (woke, woken)",weɪk,v. 醒来; 叫醒
walk,wɔːk,v. /n. 步行; 散步; 遛(狗)
wall,wɔːl,n. 墙; 围墙; 城墙; 墙壁
wallet,ˈwɒlɪt,n. 钱包
want,wɒnt,v. 要; 想要
war,wɔː,n. 战争
warm,wɔːm,adj. 暖和的; 温暖的 v. (使)温暖
warn,ˈwɔːn,vt. 警告; 告戒; 提醒
wash,ˈwɒʃ,v./n. 洗; 洗涤; 冲刷
waste,weɪst,v.n. 浪费 n. 垃圾; 废物 adj. 废弃的
watch,wɒtʃ,v. 观看; 注视; 照看 n. 表; 注视; 监视
water,ˈwɔːtə,n. 水 v. 浇水
watermelon,ˈwɔːtəmelən,n. 西瓜
wave,weɪv,n. 波; 波浪; 挥手 v. 挥手; 挥舞
way,weɪ,n. 方式; 方法；路; 路线
we,"wiː, wɪ",pron. 我们(主格)
weak,wiːk,adj. 弱的; 虚弱的; 微弱的；差的
wealth,welθ,n. 财产; 财富
"wear (wore, worn)",weə,v. 穿; 戴; 蓄(须); 留(发)
weather,weðə,n. 天气
week,wiːk,n. 星期; 周
weekday,ˈwiːkdeɪ,n. 工作日
weekend,"ˌwiːkˈend, ˈwiːkend",n. 周末
weigh,weɪ,v. 称重; 重量为...
weight,weɪt,n. 重量
welcome,ˈwelkəm,v. /n. 欢迎; 迎接 adj. 受欢迎的
well,wel,n. 井
west,west,adj. 西方的; 向西的; 西部的 n. 西部; 西方
wet,wet,adj. 湿的; 潮湿的; 多雨的
whale,weɪl,n. 鲸
what,wɒt,pron./det. 什么; ...的事/东西/话; 多么
whatever,wɒtˈevə,det./pron. ...的任何事情/东西;
wheel,wiː l,n. 车轮; 轮子; 方向盘
when,wen,conj. 当…时 adv. 什么时候; 何时
whenever,wenˈevə,conj./adv. 每当; 无论何时
where,weə,adv. 在哪里; 到哪里 conj. 在…的地方
whether,ˈweðə,conj. 是否
which,wɪtʃ,pron./det. 哪个; 哪些
while,waɪl,n. 一会儿; 一段时间
white,waɪt,adj. 白色的 n. 白色
who,huː,pron. 谁; 什么人
whole,həʊ l,adj. 全部的; 整体的 n. 整个; 整体
whom,huːm,pron. 谁; 什么人 (who的宾格)
whose,huːz,pron./det. 谁的
why,waɪ,adv. 为什么; 为何
wide,waid,adj. 宽的; 宽阔的; 广泛的
wife,waɪf,(pl. wives) n. 妻子
wild,waɪld,n. 野生状态 adj. 野的; 野生的
will,wɪl,n. 意志; 意愿; 遗嘱
will (would),wɪl,v. 将; 会; 愿意; 要
win (won),wɪn,v. 获胜; 赢; 获得 n. 胜利
wind,wɪnd,n. 风
window,ˈwɪndəʊ,n. 窗户
windy,ˈwɪndɪ,adj. 多风的；风大的
wing,wɪŋ,n. 翅膀; 翼; 机翼
winner,ˈwɪnə,n. 获胜者
winter,ˈwɪntə,n. 冬天; 冬季
wise,waɪz,adj. 充满智慧的；明智的；英明的
wish,wɪʃ,n. 愿望; 希望 vt. 希望; 想要; 祝愿
with,wɪð,prep. 和; 带有; 用; 对于；由于；随着
within,wɪˈðɪn,prep. 在...之内 adv. 在内部
without,wɪðaʊt,prep. 没有; 不和…在一起; 不用
wolf (pl. wolves),wʊlf,n. 狼
woman (pl. wonmen),ˈwʊmən,n. 妇女; 女人
wonder,ˈwʌndə,v. 想知道; 对…疑惑/惊奇 n. 奇迹; 惊奇
wonderful,ˈwʌndəfl,adj. 精彩的；绝妙的; 令人惊奇的
wood,wud,n. 木头; 木材 (pl.) 树林
word,wəːd,n. 单词; 字; 词; 话语; 诺言; 消息
work,wəːk,v. n.工作; 劳动 v. 运转 n. 作品
worker,ˈwəːkə,n. 工人
world,wəːld,n. 世界
worse,wɜːs,adj. adv. 更差; 更糟; 更坏
worst,wɜːst,adj. adv. 最差; 最糟; 最坏
worth,wə:θ,adj. 值得的; 有...价值; 值...钱
would (will的过去式),wud,v. (过去)将; 将会；总是
wound,wu:nd,vt. 使受伤; 伤害 n. 伤; 伤口
"write (wrote, written)",raɪt,v. 写; 书写; 写作
wrong,rɒŋ,adj. 错误的; 不对的；有毛病的
X-ray,ˈeks reɪ,n. X射线; x光
yard,jɑːd,n. 院子; 场地；码 (= 0.9144m)
year,jɪə(r),n. 年; 年度; 年龄
yellow,ˈjeləʊ,n. 黄色 adj. 黄色的
yes,jes,exclamation. 对; 是
yesterday,ˈjestədeɪ,n. /adv. 昨天
yet,jet,adv. 还 conj. 然而; 但是
yoghurt /yogurt,ˈjɒɡət,n. 酸奶
you,juː / jʊ,pron. 你; 你们
young,jʌŋ,adj. 年轻的; 幼小的
your,jɔː,pron. 你的; 你们的 (形容词性物主代词)
yours,jɔːz,pron. 你的; 你们的 (名词性物主代词)
yourself,jɔːˈself,pron. 你自己
youth,juːθ,n. 青年时期; 青春; 年轻人
zero,ˈzɪərəʊ,number. 零; 零度; 零点
zoo,zuː,n. 动物园
